counts,proportion,pair,iter,support_err,confidence_err,lift_err
1305,0.1,F12-F8,0,6.590038314176317,6.590038314176307,6.590038314176313
1305,0.1,F12-F8,1,1.4559386973180812,1.4559386973180823,1.4559386973180717
1305,0.1,F12-F8,2,4.904214559387028,4.904214559387043,4.9042145593870226
1305,0.1,F12-F8,3,2.222222222222254,2.2222222222222534,2.2222222222222534
1305,0.1,F12-F8,4,4.904214559387028,4.904214559387043,4.9042145593870226
1305,0.1,F12-F8,5,14.099616858237482,14.099616858237496,14.099616858237491
1305,0.1,F12-F8,6,22.452107279693553,22.452107279693546,22.452107279693553
1305,0.1,F12-F8,7,15.095785440612957,15.095785440612955,15.095785440612957
1305,0.1,F12-F8,8,11.877394636015367,11.87739463601536,11.87739463601537
1305,0.1,F12-F8,9,13.946360153256743,13.946360153256737,13.94636015325674
1305,0.1,F12-F8,10,13.18007662835255,13.180076628352557,13.18007662835255
1305,0.1,F12-F8,11,6.360153256705015,6.3601532567050105,6.360153256705016
1305,0.1,F12-F8,12,11.340996168582295,11.340996168582313,11.340996168582286
1305,0.1,F12-F8,13,39.846743295019124,39.84674329501913,39.846743295019124
1305,0.1,F12-F8,14,2.911877394636056,2.911877394636049,2.9118773946360546
1305,0.1,F12-F8,15,6.743295019157047,6.743295019157057,6.74329501915704
1305,0.1,F12-F8,16,14.789272030651265,14.789272030651274,14.789272030651258
1305,0.1,F12-F8,17,16.934865900383212,16.93486590038321,16.93486590038321
1305,0.1,F12-F8,18,4.061302681992272,4.061302681992267,4.061302681992272
1305,0.1,F12-F8,19,0.5363984674329123,0.5363984674329119,0.5363984674329071
1305,0.1,F12-F8,20,5.670498084291222,5.670498084291213,5.670498084291227
1305,0.1,F12-F8,21,6.053639846743266,6.0536398467432795,6.053639846743272
1305,0.1,F12-F8,22,4.44444444444438,4.4444444444443905,4.444444444444384
1305,0.1,F12-F8,23,8.58237547892713,8.582375478927128,8.582375478927124
1305,0.1,F12-F8,24,14.559386973180132,14.55938697318015,14.559386973180127
1305,0.1,F12-F8,25,13.256704980842951,13.256704980842951,13.256704980842951
1305,0.1,F12-F8,26,7.279693486590108,7.279693486590104,7.279693486590102
1305,0.1,F12-F8,27,3.0651340996167757,3.0651340996167793,3.065134099616782
1305,0.1,F12-F8,28,4.521072796934942,4.521072796934939,4.521072796934942
1305,0.1,F12-F8,29,30.651340996168503,30.651340996168503,30.651340996168496
1305,0.1,F12-F8,30,18.467432950191537,18.46743295019155,18.46743295019154
1305,0.1,F12-F8,31,2.6053639846742978,2.6053639846743,2.6053639846743
1305,0.1,F12-F8,32,7.279693486590108,7.279693486590104,7.279693486590102
1305,0.1,F12-F8,33,23.371647509578477,23.37164750957847,23.371647509578484
1305,0.1,F12-F8,34,12.030651340996098,12.030651340996108,12.030651340996098
1305,0.1,F12-F8,35,12.796934865900452,12.796934865900452,12.796934865900447
1305,0.1,F12-F8,36,8.352490421455997,8.352490421456004,8.352490421455995
1305,0.1,F12-F8,37,7.892720306513327,7.892720306513332,7.8927203065133344
1305,0.1,F12-F8,38,4.061302681992272,4.061302681992267,4.061302681992272
1305,0.1,F12-F8,39,13.026819923371585,13.026819923371576,13.026819923371589
1305,0.1,F12-F8,40,13.639846743294983,13.639846743294997,13.639846743294987
1305,0.1,F12-F8,41,11.187739463601565,11.187739463601563,11.187739463601568
1305,0.1,F12-F8,42,1.2260536398467146,1.226053639846727,1.2260536398467194
1305,0.1,F12-F8,43,10.957854406130199,10.957854406130188,10.957854406130195
1305,0.1,F12-F8,44,8.352490421455997,8.352490421456004,8.352490421455995
1305,0.1,F12-F8,45,5.363984674329464,5.363984674329465,5.36398467432946
1305,0.1,F12-F8,46,8.4291187739464,8.429118773946398,8.429118773946398
1305,0.1,F12-F8,47,11.417624521072868,11.41762452107286,11.417624521072865
1305,0.1,F12-F8,48,14.636015325670535,14.636015325670524,14.636015325670531
1305,0.1,F12-F8,49,6.283524904214632,6.2835249042146355,6.283524904214624
1305,0.1,F12-F8,50,3.141762452107359,3.1417624521073466,3.141762452107362
1305,0.1,F12-F8,51,19.463601532567086,19.463601532567075,19.463601532567086
1305,0.1,F12-F8,52,15.555555555555628,15.555555555555628,15.555555555555628
1305,0.1,F12-F8,53,9.272030651340932,9.272030651340943,9.272030651340938
1305,0.1,F12-F8,54,5.210727969348734,5.210727969348734,5.210727969348733
1305,0.1,F12-F8,55,9.578544061302615,9.578544061302615,9.578544061302614
1305,0.1,F12-F8,56,3.3716475095784704,3.371647509578471,3.3716475095784704
1305,0.1,F12-F8,57,2.222222222222254,2.2222222222222534,2.2222222222222534
1305,0.1,F12-F8,58,16.628352490421516,16.62835249042152,16.628352490421523
1305,0.1,F12-F8,59,2.681992337164689,2.6819923371646746,2.6819923371646914
1305,0.1,F12-F8,60,6.819923371647439,6.819923371647432,6.819923371647444
1305,0.1,F12-F8,61,8.888888888888824,8.88888888888882,8.888888888888824
1305,0.1,F12-F8,62,2.8352490421456644,2.835249042145674,2.835249042145674
1305,0.1,F12-F8,63,11.111111111111184,11.111111111111189,11.111111111111176
1305,0.1,F12-F8,64,17.31800766283532,17.318007662835335,17.31800766283531
1305,0.1,F12-F8,65,1.3026819923371065,1.3026819923371018,1.3026819923371111
1305,0.1,F12-F8,66,17.088122605363953,17.08812260536396,17.08812260536396
1305,0.1,F12-F8,67,13.486590038314253,13.486590038314247,13.486590038314258
1305,0.1,F12-F8,68,1.4559386973180812,1.4559386973180823,1.4559386973180717
1305,0.1,F12-F8,69,14.559386973180132,14.55938697318015,14.559386973180127
1305,0.1,F12-F8,70,14.559386973180132,14.55938697318015,14.559386973180127
1305,0.1,F12-F8,71,18.467432950191537,18.46743295019155,18.46743295019154
1305,0.1,F12-F8,72,2.4521072796935566,2.4521072796935504,2.4521072796935615
1305,0.1,F12-F8,73,0.6130268199233041,0.6130268199233059,0.6130268199232987
1305,0.1,F12-F8,74,12.030651340996098,12.030651340996108,12.030651340996098
1305,0.1,F12-F8,75,0.8429118773946708,0.8429118773946609,0.8429118773946731
1305,0.1,F12-F8,76,7.203065134099547,7.203065134099555,7.203065134099545
1305,0.1,F12-F8,77,0.3831417624521714,0.38314176245216236,0.3831417624521685
1305,0.1,F12-F8,78,14.789272030651265,14.789272030651274,14.789272030651258
1305,0.1,F12-F8,79,13.639846743294983,13.639846743294997,13.639846743294987
1305,0.1,F12-F8,80,1.2260536398467146,1.226053639846727,1.2260536398467194
1305,0.1,F12-F8,81,12.2605363984674,12.260536398467407,12.260536398467407
1305,0.1,F12-F8,82,12.2605363984674,12.260536398467407,12.260536398467407
1305,0.1,F12-F8,83,8.888888888888824,8.88888888888882,8.888888888888824
1305,0.1,F12-F8,84,5.900383141762525,5.900383141762512,5.900383141762522
1305,0.1,F12-F8,85,26.819923371647448,26.81992337164744,26.819923371647448
1305,0.1,F12-F8,86,17.39463601532571,17.394636015325705,17.394636015325712
1305,0.1,F12-F8,87,8.812260536398432,8.812260536398444,8.812260536398433
1305,0.1,F12-F8,88,9.808429118773983,9.80842911877397,9.808429118773978
1305,0.1,F12-F8,89,7.662835249042216,7.662835249042227,7.662835249042227
1305,0.1,F12-F8,90,16.168582375478845,16.168582375478866,16.168582375478838
1305,0.1,F12-F8,91,8.659003831417703,8.659003831417696,8.659003831417705
1305,0.1,F12-F8,92,22.911877394636054,22.911877394636047,22.911877394636058
1305,0.1,F12-F8,93,6.819923371647439,6.819923371647432,6.819923371647444
1305,0.1,F12-F8,94,5.900383141762525,5.900383141762512,5.900383141762522
1305,0.1,F12-F8,95,12.030651340996098,12.030651340996108,12.030651340996098
1305,0.1,F12-F8,96,0.3831417624521714,0.38314176245216236,0.3831417624521685
1305,0.1,F12-F8,97,3.2950191570880785,3.295019157088077,3.2950191570880896
1305,0.1,F12-F8,98,1.0727969348659736,1.0727969348659585,1.0727969348659696
1305,0.1,F12-F8,99,0.5363984674329123,0.5363984674329119,0.5363984674329071
3198,0.3,F0-F8,0,1.0631644777986111,1.0631644777986193,1.0631644777986022
3198,0.3,F0-F8,1,9.88117573483426,9.881175734834265,9.881175734834247
3198,0.3,F0-F8,2,7.848655409631024,7.848655409631024,7.848655409631025
3198,0.3,F0-F8,3,6.504065040650403,6.504065040650399,6.504065040650402
3198,0.3,F0-F8,4,6.504065040650403,6.504065040650399,6.504065040650402
3198,0.3,F0-F8,5,5.972482801751114,5.9724828017511165,5.972482801751113
3198,0.3,F0-F8,6,3.064415259537221,3.06441525953722,3.064415259537225
3198,0.3,F0-F8,7,0.1563477173232925,0.15634771732328934,0.15634771732329816
3198,0.3,F0-F8,8,3.814884302689143,3.814884302689138,3.814884302689154
3198,0.3,F0-F8,9,3.5021888680425577,3.50218886804257,3.5021888680425572
3198,0.3,F0-F8,10,7.723577235772392,7.723577235772397,7.7235772357723915
3198,0.3,F0-F8,11,2.313946216385264,2.3139462163852573,2.31394621638527
3198,0.3,F0-F8,12,1.938711694809268,1.9387116948092649,1.9387116948092673
3198,0.3,F0-F8,13,1.626016260162579,1.6260162601625858,1.626016260162568
3198,0.3,F0-F8,14,0.6253908692933263,0.6253908692933245,0.625390869293334
3198,0.3,F0-F8,15,1.7510944340212788,1.7510944340212795,1.7510944340212786
3198,0.3,F0-F8,16,2.188868042526564,2.1888680425265745,2.18886804252656
3198,0.3,F0-F8,17,2.5953721075672567,2.595372107567252,2.595372107567266
3198,0.3,F0-F8,18,8.692933083176984,8.692933083176985,8.692933083176987
3198,0.3,F0-F8,19,4.62789243277051,4.627892432770504,4.627892432770502
3198,0.3,F0-F8,20,8.03627267041898,8.036272670418976,8.036272670418988
3198,0.3,F0-F8,21,5.37836147592245,5.378361475922444,5.3783614759224445
3198,0.3,F0-F8,22,2.7829893683552283,2.7829893683552256,2.7829893683552287
3198,0.3,F0-F8,23,0.6879299562226676,0.6879299562226714,0.6879299562226635
3198,0.3,F0-F8,24,0.6253908692933263,0.6253908692933245,0.625390869293334
3198,0.3,F0-F8,25,1.375859912445283,1.375859912445276,1.3758599124452886
3198,0.3,F0-F8,26,1.626016260162579,1.6260162601625858,1.626016260162568
3198,0.3,F0-F8,27,4.8155096935584645,4.815509693558477,4.815509693558465
3198,0.3,F0-F8,28,11.757348342714169,11.757348342714181,11.757348342714161
3198,0.3,F0-F8,29,8.880550343964938,8.880550343964936,8.880550343964936
3198,0.3,F0-F8,30,0.5003126954346263,0.5003126954346306,0.5003126954346235
3198,0.3,F0-F8,31,2.9706066291431825,2.970606629143177,2.970606629143192
3198,0.3,F0-F8,32,0.06253908692935867,0.06253908692935807,0.0625390869293681
3198,0.3,F0-F8,33,2.313946216385264,2.3139462163852573,2.31394621638527
3198,0.3,F0-F8,34,1.626016260162579,1.6260162601625858,1.626016260162568
3198,0.3,F0-F8,35,1.5634771732332378,1.5634771732332389,1.5634771732332389
3198,0.3,F0-F8,36,4.534083802376472,4.534083802376483,4.534083802376469
3198,0.3,F0-F8,37,3.627267041901188,3.627267041901186,3.6272670419011908
3198,0.3,F0-F8,38,2.313946216385264,2.3139462163852573,2.31394621638527
3198,0.3,F0-F8,39,5.753595997498481,5.753595997498481,5.753595997498472
3198,0.3,F0-F8,40,2.2201375859912433,2.220137585991237,2.22013758599125
3198,0.3,F0-F8,41,0.1250781738587,0.125078173858705,0.12507817385869766
3198,0.3,F0-F8,42,0.8755472170106221,0.8755472170106231,0.8755472170106136
3198,0.3,F0-F8,43,6.128830519074406,6.128830519074406,6.128830519074398
3198,0.3,F0-F8,44,1.8136335209506373,1.813633520950649,1.813633520950634
3198,0.3,F0-F8,45,0.06253908692935867,0.06253908692935807,0.0625390869293681
3198,0.3,F0-F8,46,0.3439649781113338,0.34396497811133014,0.34396497811133825
3198,0.3,F0-F8,47,3.5959974984365086,3.595997498436502,3.5959974984365006
3198,0.3,F0-F8,48,1.0944340212632906,1.0944340212632928,1.0944340212632928
3198,0.3,F0-F8,49,3.971232020012504,3.971232020012516,3.971232020012503
3198,0.3,F0-F8,50,1.532207629768645,1.5322076297686544,1.5322076297686382
3198,0.3,F0-F8,51,1.282051282051245,1.2820512820512446,1.2820512820512557
3198,0.3,F0-F8,52,0.1563477173232925,0.15634771732328934,0.15634771732329816
3198,0.3,F0-F8,53,1.1882426516573112,1.188242651657313,1.1882426516573128
3198,0.3,F0-F8,54,3.033145716072524,3.0331457160725352,3.0331457160725215
3198,0.3,F0-F8,55,3.40838023764852,3.4083802376485277,3.4083802376485117
3198,0.3,F0-F8,56,4.096310193871135,4.096310193871132,4.096310193871137
3198,0.3,F0-F8,57,3.1582238899312243,3.158223889931218,3.158223889931232
3198,0.3,F0-F8,58,4.62789243277051,4.627892432770504,4.627892432770502
3198,0.3,F0-F8,59,12.351469668542851,12.351469668542844,12.351469668542855
3198,0.3,F0-F8,60,4.721701063164462,4.721701063164456,4.721701063164458
3198,0.3,F0-F8,61,0.3439649781113338,0.34396497811133014,0.34396497811133825
3198,0.3,F0-F8,62,1.7510944340212788,1.7510944340212795,1.7510944340212786
3198,0.3,F0-F8,63,12.976860537836144,12.976860537836135,12.976860537836139
3198,0.3,F0-F8,64,4.565353345841169,4.565353345841167,4.565353345841173
3198,0.3,F0-F8,65,5.784865540963073,5.784865540963076,5.784865540963073
3198,0.3,F0-F8,66,2.5953721075672567,2.595372107567252,2.595372107567266
3198,0.3,F0-F8,67,0.31269543464665445,0.31269543464665667,0.31269543464664773
3198,0.3,F0-F8,68,1.626016260162579,1.6260162601625858,1.626016260162568
3198,0.3,F0-F8,69,4.283927454659177,4.283927454659174,4.283927454659177
3198,0.3,F0-F8,70,6.441525953721078,6.441525953721074,6.441525953721085
3198,0.3,F0-F8,71,5.6597873671044425,5.659787367104438,5.659787367104439
3198,0.3,F0-F8,72,17.979987492182616,17.97998749218261,17.979987492182616
3198,0.3,F0-F8,73,7.535959974984352,7.535959974984356,7.535959974984352
3198,0.3,F0-F8,74,0.6253908692933263,0.6253908692933245,0.625390869293334
3198,0.3,F0-F8,75,2.7517198248905315,2.751719824890541,2.7517198248905257
3198,0.3,F0-F8,76,0.6253908692933263,0.6253908692933245,0.625390869293334
3198,0.3,F0-F8,77,9.0368980612883,9.036898061288303,9.0368980612883
3198,0.3,F0-F8,78,5.3158223889931255,5.315822388993119,5.315822388993127
3198,0.3,F0-F8,79,0.6253908692933263,0.6253908692933245,0.625390869293334
3198,0.3,F0-F8,80,5.003126954346454,5.003126954346452,5.003126954346453
3198,0.3,F0-F8,81,2.845528455284552,2.8455284552845614,2.845528455284546
3198,0.3,F0-F8,82,4.534083802376472,4.534083802376483,4.534083802376469
3198,0.3,F0-F8,83,8.943089430894297,8.943089430894306,8.943089430894293
3198,0.3,F0-F8,84,2.6579111944965974,2.65791119449661,2.6579111944965956
3198,0.3,F0-F8,85,9.631019387116964,9.631019387116964,9.631019387116968
3198,0.3,F0-F8,86,6.128830519074406,6.128830519074406,6.128830519074398
3198,0.3,F0-F8,87,3.40838023764852,3.4083802376485277,3.4083802376485117
3198,0.3,F0-F8,88,2.0325203252032713,2.032520325203274,2.0325203252032744
3198,0.3,F0-F8,89,2.0325203252032713,2.032520325203274,2.0325203252032744
3198,0.3,F0-F8,90,1.626016260162579,1.6260162601625858,1.626016260162568
3198,0.3,F0-F8,91,3.3458411507192127,3.345841150719214,3.3458411507192207
3198,0.3,F0-F8,92,5.37836147592245,5.378361475922444,5.3783614759224445
3198,0.3,F0-F8,93,1.0006253908692526,1.0006253908692502,1.0006253908692597
3198,0.3,F0-F8,94,1.282051282051245,1.2820512820512446,1.2820512820512557
3198,0.3,F0-F8,95,6.066291432145048,6.066291432145048,6.066291432145056
3198,0.3,F0-F8,96,6.128830519074406,6.128830519074406,6.128830519074398
3198,0.3,F0-F8,97,1.1569731081926147,1.1569731081926173,1.1569731081926093
3198,0.3,F0-F8,98,0.03126954346466197,0.031269543464662326,0.03126954346465192
3198,0.3,F0-F8,99,2.5953721075672567,2.595372107567252,2.595372107567266
4524,0.5,F0-F3,0,3.0946065428824197,3.09460654288243,3.0946065428824396
4524,0.5,F0-F3,1,2.630415561450037,2.630415561450044,2.630415561450054
4524,0.5,F0-F3,2,3.625110521662239,3.6251105216622497,3.625110521662261
4524,0.5,F0-F3,3,2.807250221043371,2.8072502210433536,2.8072502210433377
4524,0.5,F0-F3,4,1.5694076038903122,1.5694076038903413,1.5694076038903535
4524,0.5,F0-F3,5,0.9504862953138873,0.9504862953138741,0.9504862953138684
4524,0.5,F0-F3,6,0.906277630415572,0.9062776304155742,0.9062776304155867
4524,0.5,F0-F3,7,1.3483642793987731,1.3483642793987627,1.3483642793987596
4524,0.5,F0-F3,8,1.5030946065429007,1.503094606542907,1.5030946065429165
4524,0.5,F0-F3,9,2.210433244916054,2.210433244916037,2.210433244916022
4524,0.5,F0-F3,10,2.630415561450037,2.630415561450044,2.630415561450054
4524,0.5,F0-F3,11,4.022988505747125,4.022988505747138,4.022988505747138
4524,0.5,F0-F3,12,2.630415561450037,2.630415561450044,2.630415561450054
4524,0.5,F0-F3,13,5.06189213085763,5.061892130857628,5.061892130857613
4524,0.5,F0-F3,14,4.619805481874441,4.619805481874455,4.619805481874454
4524,0.5,F0-F3,15,5.85764809902739,5.857648099027389,5.857648099027367
4524,0.5,F0-F3,16,2.431476569407594,2.4314765694075997,2.4314765694076157
4524,0.5,F0-F3,17,0.0884173297966304,0.0884173297966314,0.08841732979662036
4524,0.5,F0-F3,18,0.6410256410256318,0.6410256410256328,0.6410256410256544
4524,0.5,F0-F3,19,1.7683465959327553,1.7683465959327855,1.7683465959327918
4524,0.5,F0-F3,20,2.740937223695849,2.7409372236958407,2.7409372236958296
4524,0.5,F0-F3,21,3.426171529619796,3.426171529619805,3.4261715296198085
4524,0.5,F0-F3,22,2.0114942528736113,2.0114942528735926,2.011494252873569
4524,0.5,F0-F3,23,1.2820512820512635,1.2820512820512655,1.2820512820512517
4524,0.5,F0-F3,24,0.7073386383731414,0.7073386383731456,0.7073386383731624
4524,0.5,F0-F3,25,2.166224580017641,2.166224580017658,2.1662245800176834
4524,0.5,F0-F3,26,3.2051282051282444,3.205128205128227,3.2051282051282146
4524,0.5,F0-F3,27,2.276746242263466,2.2767462422634557,2.2767462422634446
4524,0.5,F0-F3,28,3.006189213085814,3.006189213085798,3.006189213085776
4524,0.5,F0-F3,29,0.5083996463306985,0.5083996463307013,0.5083996463307096
4524,0.5,F0-F3,30,4.221927497789555,4.221927497789567,4.2219274977895775
4524,0.5,F0-F3,31,3.2051282051282444,3.205128205128227,3.2051282051282146
4524,0.5,F0-F3,32,2.409372236958485,2.409372236958465,2.409372236958446
4524,0.5,F0-F3,33,0.7736516357205527,0.7736516357205798,0.7736516357205849
4524,0.5,F0-F3,34,2.0999115826702175,2.099911582670224,2.099911582670232
4524,0.5,F0-F3,35,4.067197170645428,4.067197170645422,4.0671971706454055
4524,0.5,F0-F3,36,1.6799292661361493,1.6799292661361382,1.679929266136129
4524,0.5,F0-F3,37,7.139699381078642,7.139699381078671,7.139699381078676
4524,0.5,F0-F3,38,4.995579133510219,4.995579133510194,4.995579133510191
4524,0.5,F0-F3,39,3.0282935455349222,3.0282935455349325,3.028293545534946
4524,0.5,F0-F3,40,0.0884173297966304,0.0884173297966314,0.08841732979662036
4524,0.5,F0-F3,41,1.834659593280277,1.8346595932802825,1.8346595932802998
4524,0.5,F0-F3,42,8.178603006189258,8.178603006189238,8.17860300618922
4524,0.5,F0-F3,43,1.9009725906277746,1.9009725906277797,1.9009725906277937
4524,0.5,F0-F3,44,0.486295313881504,0.48629531388150415,0.4862953138814833
4524,0.5,F0-F3,45,3.4703801945181114,3.470380194518105,3.4703801945180897
4524,0.5,F0-F3,46,6.410256410256403,6.410256410256407,6.410256410256415
4524,0.5,F0-F3,47,2.0999115826702175,2.099911582670224,2.099911582670232
4524,0.5,F0-F3,48,5.548187444739122,5.548187444739148,5.5481874447391535
4524,0.5,F0-F3,49,3.0282935455349222,3.0282935455349325,3.028293545534946
4524,0.5,F0-F3,50,2.630415561450037,2.630415561450044,2.630415561450054
4524,0.5,F0-F3,51,1.9451812555260894,1.94518125552608,1.9451812555260752
4524,0.5,F0-F3,52,0.5526083112290013,0.5526083112290013,0.5526083112289912
4524,0.5,F0-F3,53,0.3536693191865707,0.3536693191865571,0.3536693191865527
4524,0.5,F0-F3,54,3.824049513704682,3.8240495137046935,3.8240495137046997
4524,0.5,F0-F3,55,1.0167992926614091,1.016799292661387,1.0167992926613765
4524,0.5,F0-F3,56,2.8956675508399767,2.8956675508399856,2.8956675508400007
4524,0.5,F0-F3,57,1.8125552608311686,1.8125552608311484,1.8125552608311306
4524,0.5,F0-F3,58,0.7515473032714443,0.7515473032714456,0.7515473032714298
4524,0.5,F0-F3,59,7.581786030061941,7.581786030061923,7.581786030061906
4524,0.5,F0-F3,60,2.8956675508399767,2.8956675508399856,2.8956675508400007
4524,0.5,F0-F3,61,2.8293545534924793,2.829354553492488,2.8293545534924927
4524,0.5,F0-F3,62,1.5030946065429007,1.503094606542907,1.5030946065429165
4524,0.5,F0-F3,63,1.4146772767462827,1.4146772767462599,1.4146772767462534
4524,0.5,F0-F3,64,0.7515473032714443,0.7515473032714456,0.7515473032714298
4524,0.5,F0-F3,65,3.4703801945181114,3.470380194518105,3.4703801945180897
4524,0.5,F0-F3,66,6.277630415561471,6.277630415561475,6.277630415561484
4524,0.5,F0-F3,67,2.210433244916054,2.210433244916037,2.210433244916022
4524,0.5,F0-F3,68,3.669319186560554,3.66931918656055,3.669319186560543
4524,0.5,F0-F3,69,0.8178603006189661,0.8178603006189427,0.8178603006189236
4524,0.5,F0-F3,70,1.3483642793987731,1.3483642793987627,1.3483642793987596
4524,0.5,F0-F3,71,0.17683465959323624,0.1768346595932628,0.17683465959326922
4524,0.5,F0-F3,72,4.288240495137066,4.288240495137064,4.288240495137085
4524,0.5,F0-F3,73,4.487179487179495,4.487179487179508,4.487179487179509
4524,0.5,F0-F3,74,1.105216622458015,1.1052166224580184,1.1052166224580253
4524,0.5,F0-F3,75,9.438549955791325,9.438549955791323,9.438549955791304
4524,0.5,F0-F3,76,5.459770114942516,5.459770114942517,5.459770114942504
4524,0.5,F0-F3,77,1.3041556145004578,1.3041556145004627,1.304155614500478
4524,0.5,F0-F3,78,1.8125552608311686,1.8125552608311484,1.8125552608311306
4524,0.5,F0-F3,79,1.105216622458015,1.1052166224580184,1.1052166224580253
4524,0.5,F0-F3,80,3.0946065428824197,3.09460654288243,3.0946065428824396
4524,0.5,F0-F3,81,0.4199823165340803,0.41998231653405427,0.41998231653404644
4524,0.5,F0-F3,82,4.5313881520778105,4.531388152077808,4.531388152077791
4524,0.5,F0-F3,83,1.3041556145004578,1.3041556145004627,1.304155614500478
4524,0.5,F0-F3,84,1.215738284703852,1.2157382847038312,1.215738284703815
4524,0.5,F0-F3,85,1.105216622458015,1.1052166224580184,1.1052166224580253
4524,0.5,F0-F3,86,1.9672855879751983,1.9672855879752298,1.9672855879752305
4524,0.5,F0-F3,87,3.2051282051282444,3.205128205128227,3.2051282051282146
4524,0.5,F0-F3,88,0.022104332449206683,0.02210433244918147,0.022104332449169338
4524,0.5,F0-F3,89,4.6640141467727565,4.664014146772755,4.664014146772736
4524,0.5,F0-F3,90,0.15473032714412774,0.15473032714412857,0.15473032714411414
4524,0.5,F0-F3,91,2.210433244916054,2.210433244916037,2.210433244916022
4524,0.5,F0-F3,92,4.133510167992938,4.1335101679929345,4.133510167992928
4524,0.5,F0-F3,93,0.28735632183906107,0.2873563218390599,0.2873563218390447
4524,0.5,F0-F3,94,1.9672855879751983,1.9672855879752298,1.9672855879752305
4524,0.5,F0-F3,95,2.166224580017641,2.166224580017658,2.1662245800176834
4524,0.5,F0-F3,96,0.8841732979663899,0.884173297966377,0.8841732979663746
4524,0.5,F0-F3,97,0.9504862953138873,0.9504862953138741,0.9504862953138684
4524,0.5,F0-F3,98,2.696728558797534,2.6967285587975414,2.696728558797548
4524,0.5,F0-F3,99,2.8293545534924793,2.829354553492488,2.8293545534924927
6417,0.7,F0-F6,0,0.1714196665108463,0.1714196665108414,0.17141966651083732
6417,0.7,F0-F6,1,1.5271933925510237,1.5271933925510184,1.5271933925510126
6417,0.7,F0-F6,2,0.8103475144148328,0.810347514414822,0.8103475144148365
6417,0.7,F0-F6,3,0.5454262116253445,0.5454262116253439,0.5454262116253389
6417,0.7,F0-F6,4,3.7556490571918184,3.755649057191812,3.7556490571918175
6417,0.7,F0-F6,5,0.31167212092878316,0.3116721209287854,0.3116721209287879
6417,0.7,F0-F6,6,3.194639239520019,3.194639239520014,3.1946392395200163
6417,0.7,F0-F6,7,1.885616331619119,1.8856163316191221,1.8856163316191308
6417,0.7,F0-F6,8,0.8726819386005998,0.8726819386005946,0.8726819386005901
6417,0.7,F0-F6,9,0.3428393330216407,0.3428393330216384,0.3428393330216347
6417,0.7,F0-F6,10,0.5765934237182714,0.5765934237182746,0.5765934237182656
6417,0.7,F0-F6,11,3.802399875331165,3.802399875331175,3.802399875331168
6417,0.7,F0-F6,12,1.1843540595293485,1.1843540595293467,1.184354059529358
6417,0.7,F0-F6,13,0.8259311204612528,0.825931120461254,0.82593112046124
6417,0.7,F0-F6,14,0.8726819386005998,0.8726819386005946,0.8726819386005901
6417,0.7,F0-F6,15,0.12466884837149941,0.12466884837150083,0.12466884837148721
6417,0.7,F0-F6,16,0.40517375720739046,0.4051737572073888,0.4051737572073883
6417,0.7,F0-F6,17,0.015583606046454729,0.015583606046454257,0.015583606046463345
6417,0.7,F0-F6,18,0.45192457534673736,0.45192457534674046,0.45192457534673836
6417,0.7,F0-F6,19,0.03116721209289216,0.03116721209289741,0.03116721209288677
6417,0.7,F0-F6,20,3.0543867851020647,3.054386785102059,3.054386785102065
6417,0.7,F0-F6,21,3.5686457846345347,3.5686457846345387,3.5686457846345374
6417,0.7,F0-F6,22,0.9038491506934574,0.9038491506934587,0.9038491506934568
6417,0.7,F0-F6,23,2.742714664173316,2.742714664173318,2.742714664173317
6417,0.7,F0-F6,24,4.036153966027727,4.036153966027722,4.036153966027739
6417,0.7,F0-F6,25,0.6700950599968786,0.6700950599968891,0.6700950599968859
6417,0.7,F0-F6,26,1.0596852111578836,1.0596852111578792,1.0596852111578707
6417,0.7,F0-F6,27,1.4181081502259791,1.418108150225983,1.418108150225989
6417,0.7,F0-F6,28,0.24933769674301615,0.24933769674302386,0.24933769674301431
6417,0.7,F0-F6,29,2.7738818762661563,2.773881876266149,2.773881876266164
6417,0.7,F0-F6,30,0.5765934237182714,0.5765934237182746,0.5765934237182656
6417,0.7,F0-F6,31,2.5557113916160326,2.5557113916160334,2.5557113916160366
6417,0.7,F0-F6,32,2.2128720585943573,2.2128720585943507,2.212872058594362
6417,0.7,F0-F6,33,2.1817048465014994,2.1817048465014977,2.1817048465014954
6417,0.7,F0-F6,34,1.9479507558048688,1.9479507558048725,1.947950755804864
6417,0.7,F0-F6,35,4.332242480910055,4.332242480910054,4.332242480910044
6417,0.7,F0-F6,36,1.5271933925510237,1.5271933925510184,1.5271933925510126
6417,0.7,F0-F6,37,1.9479507558048688,1.9479507558048725,1.947950755804864
6417,0.7,F0-F6,38,0.6856786660432987,0.685678666043299,0.6856786660432894
6417,0.7,F0-F6,39,1.480442574411746,1.4804425744117444,1.4804425744117424
6417,0.7,F0-F6,40,0.5765934237182714,0.5765934237182746,0.5765934237182656
6417,0.7,F0-F6,41,4.64391460183889,4.643914601838883,4.643914601838891
6417,0.7,F0-F6,42,1.8388655134798415,1.8388655134798482,1.8388655134798406
6417,0.7,F0-F6,43,2.0414523920835452,2.0414523920835426,2.041452392083545
6417,0.7,F0-F6,44,1.4648589683652566,1.4648589683652569,1.464858968365259
6417,0.7,F0-F6,45,2.9141343306841105,2.914134330684104,2.9141343306841145
6417,0.7,F0-F6,46,0.5921770297646914,0.5921770297646956,0.592177029764689
6417,0.7,F0-F6,47,5.625681782764551,5.625681782764547,5.625681782764565
6417,0.7,F0-F6,48,1.1531868474365081,1.1531868474365048,1.1531868474365112
6417,0.7,F0-F6,49,3.334891693937973,3.334891693937969,3.3348916939379865
6417,0.7,F0-F6,50,0.38959015116097034,0.38959015116097895,0.3895901511609649
6417,0.7,F0-F6,51,2.4154589371980784,2.4154589371980784,2.4154589371980664
6417,0.7,F0-F6,52,1.277855695808025,1.2778556958080278,1.2778556958080183
6417,0.7,F0-F6,53,0.6700950599968786,0.6700950599968891,0.6700950599968859
6417,0.7,F0-F6,54,0.31167212092878316,0.3116721209287854,0.3116721209287879
6417,0.7,F0-F6,55,1.698613059061887,1.698613059061893,1.69861305906189
6417,0.7,F0-F6,56,1.0129343930185541,1.0129343930185497,1.0129343930185606
6417,0.7,F0-F6,57,1.9947015739442158,1.994701573944213,1.9947015739442144
6417,0.7,F0-F6,58,1.9791179678977957,1.9791179678978033,1.979117967897791
6417,0.7,F0-F6,59,3.6777310269596484,3.677731026959652,3.677731026959641
6417,0.7,F0-F6,60,3.537478572541694,3.537478572541697,3.5374785725416906
6417,0.7,F0-F6,61,0.31167212092878316,0.3116721209287854,0.3116721209287879
6417,0.7,F0-F6,62,1.8076983013869148,1.8076983013869174,1.8076983013869137
6417,0.7,F0-F6,63,4.036153966027727,4.036153966027722,4.036153966027739
6417,0.7,F0-F6,64,3.6309802088203016,3.6309802088203003,3.6309802088202905
6417,0.7,F0-F6,65,1.4648589683652566,1.4648589683652569,1.464858968365259
6417,0.7,F0-F6,66,5.734767025089579,5.734767025089582,5.734767025089569
6417,0.7,F0-F6,67,3.6309802088203016,3.6309802088203003,3.6309802088202905
6417,0.7,F0-F6,68,1.231104877668678,1.2311048776686873,1.2311048776686881
6417,0.7,F0-F6,69,0.07791803023222174,0.07791803023222688,0.07791803023221693
6417,0.7,F0-F6,70,1.7609474832476368,1.7609474832476324,1.7609474832476435
6417,0.7,F0-F6,71,3.334891693937973,3.334891693937969,3.3348916939379865
6417,0.7,F0-F6,72,1.2934393018544623,1.2934393018544599,1.2934393018544617
6417,0.7,F0-F6,73,2.1193704223157495,2.1193704223157583,2.1193704223157614
6417,0.7,F0-F6,74,0.10908524232506199,0.10908524232506878,0.1090852423250638
6417,0.7,F0-F6,75,3.334891693937973,3.334891693937969,3.3348916939379865
6417,0.7,F0-F6,76,0.5765934237182714,0.5765934237182746,0.5765934237182656
6417,0.7,F0-F6,77,0.40517375720739046,0.4051737572073888,0.4051737572073883
6417,0.7,F0-F6,78,2.493376967430248,2.4933769674302386,2.493376967430243
6417,0.7,F0-F6,79,0.45192457534673736,0.45192457534674046,0.45192457534673836
6417,0.7,F0-F6,80,0.10908524232506199,0.10908524232506878,0.1090852423250638
6417,0.7,F0-F6,81,2.259622876733704,2.2596228767337134,2.259622876733712
6417,0.7,F0-F6,82,0.4986753934860669,0.49867539348606993,0.49867539348606854
6417,0.7,F0-F6,83,1.9479507558048688,1.9479507558048725,1.947950755804864
6417,0.7,F0-F6,84,0.015583606046454729,0.015583606046454257,0.015583606046463345
6417,0.7,F0-F6,85,2.399875331151641,2.3998753311516463,2.3998753311516423
6417,0.7,F0-F6,86,2.2284556646407774,2.2284556646407827,2.2284556646407654
6417,0.7,F0-F6,87,2.4154589371980784,2.4154589371980784,2.4154589371980664
6417,0.7,F0-F6,88,1.0908524232507413,1.0908524232507322,1.0908524232507375
6417,0.7,F0-F6,89,0.9194327567399294,0.9194327567399241,0.9194327567399203
6417,0.7,F0-F6,90,0.5921770297646914,0.5921770297646956,0.592177029764689
6417,0.7,F0-F6,91,0.35842293906813005,0.35842293906812595,0.358422939068118
6417,0.7,F0-F6,92,0.015583606046454729,0.015583606046454257,0.015583606046463345
6417,0.7,F0-F6,93,1.7609474832476368,1.7609474832476324,1.7609474832476435
6417,0.7,F0-F6,94,2.6803802399875494,2.6803802399875565,2.6803802399875436
6417,0.7,F0-F6,95,1.932367149758449,1.9323671497584405,1.932367149758461
6417,0.7,F0-F6,96,1.4648589683652566,1.4648589683652569,1.464858968365259
6417,0.7,F0-F6,97,0.12466884837149941,0.12466884837150083,0.12466884837148721
6417,0.7,F0-F6,98,0.12466884837149941,0.12466884837150083,0.12466884837148721
6417,0.7,F0-F6,99,0.03116721209289216,0.03116721209289741,0.03116721209288677
8989,0.9,F2-F6,0,1.9801980198019844,1.980198019801982,1.9801980198019855
8989,0.9,F2-F6,1,0.878851930136873,0.878851930136848,0.8788519301368524
8989,0.9,F2-F6,2,2.325063967070818,2.3250639670708395,2.3250639670708364
8989,0.9,F2-F6,3,1.5240849927688953,1.524084992768926,1.5240849927689142
8989,0.9,F2-F6,4,0.011124707976414395,0.011124707976417625,0.01112470797643
8989,0.9,F2-F6,5,0.3782400711981758,0.37824007119815484,0.37824007119816094
8989,0.9,F2-F6,6,2.525308710646302,2.5253087106463346,2.525308710646317
8989,0.9,F2-F6,7,2.881299365891649,2.881299365891654,2.8812993658916577
8989,0.9,F2-F6,8,0.5117365669151238,0.5117365669151219,0.5117365669151414
8989,0.9,F2-F6,9,1.4907108688396893,1.4907108688396953,1.490710868839684
8989,0.9,F2-F6,10,0.04449883190564522,0.044498831905648295,0.044498831905660126
8989,0.9,F2-F6,11,0.41161419512738195,0.4116141951273855,0.41161419512739106
8989,0.9,F2-F6,12,1.6464567805094907,1.6464567805094865,1.6464567805095045
8989,0.9,F2-F6,13,0.9567248859717613,0.9567248859717603,0.9567248859717625
8989,0.9,F2-F6,14,0.17799532762269205,0.1779953276226709,0.17799532762268042
8989,0.9,F2-F6,15,2.614306374457679,2.6143063744576756,2.614306374457697
8989,0.9,F2-F6,16,0.9789743019246148,0.9789743019245956,0.9789743019246027
8989,0.9,F2-F6,17,0.5896095227500245,0.5896095227500231,0.5896095227500117
8989,0.9,F2-F6,18,1.1458449215707938,1.1458449215707933,1.145844921570793
8989,0.9,F2-F6,19,0.5562353988207938,0.5562353988207924,0.5562353988207815
8989,0.9,F2-F6,20,0.27811769941043396,0.2781176994104073,0.2781176994104107
8989,0.9,F2-F6,21,1.2793414172878035,1.2793414172878048,1.2793414172878135
8989,0.9,F2-F6,22,0.7453554344198261,0.7453554344198254,0.745355434419832
8989,0.9,F2-F6,23,1.4573367449104586,1.4573367449104646,1.457336744910454
8989,0.9,F2-F6,24,0.7119813104906076,0.7119813104906059,0.711981310490622
8989,0.9,F2-F6,25,2.0914450995661285,2.091445099566136,2.091445099566126
8989,0.9,F2-F6,26,1.713205028368014,1.7132050283680145,1.7132050283680245
8989,0.9,F2-F6,27,1.4462120369340195,1.4462120369340248,1.446212036934024
8989,0.9,F2-F6,28,0.9233507620424565,0.9233507620424852,0.9233507620424726
8989,0.9,F2-F6,29,2.391812214929354,2.3918122149293453,2.3918122149293364
8989,0.9,F2-F6,30,1.8800756480142424,1.8800756480142455,1.8800756480142549
8989,0.9,F2-F6,31,1.891200355990657,1.8912003559906632,1.8912003559906452
8989,0.9,F2-F6,32,0.7119813104906076,0.7119813104906059,0.711981310490622
8989,0.9,F2-F6,33,0.6563577706085357,0.6563577706085288,0.6563577706085318
8989,0.9,F2-F6,34,0.6452330626320842,0.645233062632089,0.6452330626321018
8989,0.9,F2-F6,35,1.1792190455000617,1.1792190455000573,1.1792190455000633
8989,0.9,F2-F6,36,2.313939259094453,2.313939259094455,2.3139392590944663
8989,0.9,F2-F6,37,0.9900990099009922,0.990099009900991,0.9900990099009928
8989,0.9,F2-F6,38,0.9233507620424565,0.9233507620424852,0.9233507620424726
8989,0.9,F2-F6,39,2.0914450995661285,2.091445099566136,2.091445099566126
8989,0.9,F2-F6,40,0.14462120369338713,0.14462120369338471,0.1446212036933904
8989,0.9,F2-F6,41,3.782400711981314,3.7824007119813152,3.7824007119813303
8989,0.9,F2-F6,42,0.055623539882096666,0.055623539882088124,0.05562353988209013
8989,0.9,F2-F6,43,2.391812214929354,2.3918122149293453,2.3918122149293364
8989,0.9,F2-F6,44,0.5896095227500245,0.5896095227500231,0.5896095227500117
8989,0.9,F2-F6,45,1.4239626209811536,1.4239626209811895,1.4239626209811638
8989,0.9,F2-F6,46,0.5117365669151238,0.5117365669151219,0.5117365669151414
8989,0.9,F2-F6,47,0.32261653131600504,0.3226165313160223,0.3226165313160309
8989,0.9,F2-F6,48,0.14462120369338713,0.14462120369338471,0.1446212036933904
8989,0.9,F2-F6,49,1.2904661252642053,1.2904661252642002,1.2904661252642036
8989,0.9,F2-F6,50,2.8145511180331506,2.8145511180331484,2.8145511180331577
8989,0.9,F2-F6,51,1.3905884970519473,1.3905884970519367,1.3905884970519338
8989,0.9,F2-F6,52,1.1458449215707938,1.1458449215707933,1.145844921570793
8989,0.9,F2-F6,53,2.914673489820892,2.914673489820896,2.914673489820908
8989,0.9,F2-F6,54,1.3238402491934116,1.323840249193431,1.3238402491934336
8989,0.9,F2-F6,55,2.0914450995661285,2.091445099566136,2.091445099566126
8989,0.9,F2-F6,56,2.325063967070818,2.3250639670708395,2.3250639670708364
8989,0.9,F2-F6,57,0.12237178774053363,0.12237178774054946,0.12237178774055038
8989,0.9,F2-F6,58,2.0580709756369098,2.0580709756369053,2.0580709756368956
8989,0.9,F2-F6,59,1.679830904438759,1.6798309044387616,1.6798309044387745
8989,0.9,F2-F6,60,1.1458449215707938,1.1458449215707933,1.145844921570793
8989,0.9,F2-F6,61,1.3460896651462775,1.3460896651462773,1.3460896651462935
8989,0.9,F2-F6,62,0.4894871509622827,0.4894871509622867,0.4894871509622813
8989,0.9,F2-F6,63,1.4573367449104586,1.4573367449104646,1.457336744910454
8989,0.9,F2-F6,64,1.9468238958727166,1.946823895872718,1.9468238958727153
8989,0.9,F2-F6,65,0.12237178774053363,0.12237178774054946,0.12237178774055038
8989,0.9,F2-F6,66,2.1470686394482,2.147068639448202,2.1470686394482157
8989,0.9,F2-F6,67,2.881299365891649,2.881299365891654,2.8812993658916577
8989,0.9,F2-F6,68,0.41161419512738195,0.4116141951273855,0.41161419512739106
8989,0.9,F2-F6,69,0.42273890310374695,0.4227389031037809,0.4227389031037612
8989,0.9,F2-F6,70,0.27811769941043396,0.2781176994104073,0.2781176994104107
8989,0.9,F2-F6,71,3.593280676382244,3.593280676382249,3.59328067638224
8989,0.9,F2-F6,72,1.613082656580272,1.613082656580267,1.6130826565802743
8989,0.9,F2-F6,73,0.3893647791745408,0.38936477917455026,0.3893647791745311
8989,0.9,F2-F6,74,0.2892424073867989,0.28924240738679163,0.2892424073867808
8989,0.9,F2-F6,75,2.7811769941039075,2.7811769941039066,2.7811769941039075
8989,0.9,F2-F6,76,1.2793414172878035,1.2793414172878048,1.2793414172878135
8989,0.9,F2-F6,77,0.3893647791745408,0.38936477917455026,0.3893647791745311
8989,0.9,F2-F6,78,1.5240849927688953,1.524084992768926,1.5240849927689142
8989,0.9,F2-F6,79,2.0469462676604584,2.0469462676604544,2.0469462676604655
8989,0.9,F2-F6,80,2.28056513516521,2.2805651351652134,2.280565135165216
8989,0.9,F2-F6,81,2.0580709756369098,2.0580709756369053,2.0580709756368956
8989,0.9,F2-F6,82,0.5117365669151238,0.5117365669151219,0.5117365669151414
8989,0.9,F2-F6,83,4.349760818778485,4.349760818778481,4.349760818778502
8989,0.9,F2-F6,84,1.9468238958727166,1.946823895872718,1.9468238958727153
8989,0.9,F2-F6,85,2.4474357548114134,2.447435754811411,2.4474357548114267
8989,0.9,F2-F6,86,1.2793414172878035,1.2793414172878048,1.2793414172878135
8989,0.9,F2-F6,87,3.159417065302058,3.1594170653020504,3.159417065302048
8989,0.9,F2-F6,88,1.5240849927688953,1.524084992768926,1.5240849927689142
8989,0.9,F2-F6,89,0.3893647791745408,0.38936477917455026,0.3893647791745311
8989,0.9,F2-F6,90,1.5240849927688953,1.524084992768926,1.5240849927689142
8989,0.9,F2-F6,91,0.4894871509622827,0.4894871509622867,0.4894871509622813
8989,0.9,F2-F6,92,0.912226054066079,0.9122260540660787,0.9122260540660825
8989,0.9,F2-F6,93,0.8566025141840193,0.8566025141840239,0.8566025141840122
8989,0.9,F2-F6,94,1.479586160863275,1.4795861608632777,1.479586160863274
8989,0.9,F2-F6,95,1.9134497719434855,1.9134497719434873,1.9134497719434853
8989,0.9,F2-F6,96,1.1569696295472451,1.1569696295472554,1.1569696295472431
8989,0.9,F2-F6,97,0.7564801423962776,0.7564801423962875,0.756480142396262
8989,0.9,F2-F6,98,0.5562353988207938,0.5562353988207924,0.5562353988207815
8989,0.9,F2-F6,99,2.992546445655793,2.992546445655786,2.992546445655778